INSERT INTO `unionplat_v1`.`s9_CategoryExtend` (`aid`, `id`, `uuid`, `createdBy`, `createdDate`, `lastModifiedBy`, `lastModifiedDate`, `deleted`, `version`, `disable`, `orderSeq`, `devId`, `domain`, `mainMaxnum`, `module`, `positionId`, `project`, `subMaxnum`, `userId`, `variety`, `depthMaxnum`, `position`, `refMaxnum`) VALUES ('1', '235871259891298304', 'yrAac20MarSs0CrNHDv', '233116161842835456', '2018-10-02 13:01:34', '233116161842835456', '2018-10-02 13:22:25', '0', '7', '0', '1538456493916', 'sz0099', 'dml.sz0099.course.app.persist.entity.product.CoeProduct',  '20', 'product', '235871259891298304', 'course', '5', '233116161842835456', 'product', '4', 'system', '20000');
INSERT INTO `unionplat_v1`.`s9_CategoryExtend` (`aid`, `id`, `uuid`, `createdBy`, `createdDate`, `lastModifiedBy`, `lastModifiedDate`, `deleted`, `version`, `disable`, `orderSeq`, `devId`, `domain`, `mainMaxnum`, `module`, `positionId`, `project`, `subMaxnum`, `userId`, `variety`, `depthMaxnum`, `position`, `refMaxnum`) VALUES ('2', '239651588653412352', 'LmpqAn7GOjOA1HRzOUj', '233116161842835456', '2018-10-12 23:23:15', '233116161842835456', '2018-10-12 23:24:56', '0', '2', '0', '1539357794528', 'sz0099', 'dml.sz0099.course.app.persist.entity.article.CoeArticle',  '20', 'article', '239651588653412352', 'course', '5', '233116161842835456', 'article', '4', 'system', '20000');
INSERT INTO `unionplat_v1`.`s9_CategoryExtend` (`aid`, `id`, `uuid`, `createdBy`, `createdDate`, `lastModifiedBy`, `lastModifiedDate`, `deleted`, `version`, `disable`, `orderSeq`, `devId`, `domain`, `mainMaxnum`, `module`, `positionId`, `project`, `subMaxnum`, `userId`, `variety`, `depthMaxnum`, `position`, `refMaxnum`) VALUES ('3', '245350517894246400', 'Aqzp8jGrGzzlisol5tP', '233116161842835456', '2018-10-28 16:48:45', '233116161842835456', '2018-10-28 16:49:56', '0', '2', '0', '1540716525165', 'sz0099', 'dml.sz0099.course.app.persist.entity.profession.Profession',  '20', 'personal', '245350517894246400', 'course', '5', '233116161842835456', 'profession', '4', 'system', '20000');



#image extend
INSERT INTO `unionplat_v1`.`s9_ImageExtend` (`aid`, `id`, `uuid`, `createdBy`, `createdDate`, `lastModifiedBy`, `lastModifiedDate`, `deleted`, `version`, `disable`, `orderSeq`, `devId`, `domain`, `mainMaxnum`, `module`, `position`, `positionId`, `project`, `sizeMax`, `subMaxnum`, `userId`, `variety`) VALUES ('1', '233123686197719040', 'Dk9vgBcsBuHqVYfNysG', '233116161842835456', '2018-09-24 23:03:41', '233116161842835456', '2018-09-24 23:03:41', '0', '1', '0', '1537801421302', 'sz0099', 'http://m.dramala.com', '100', 'product', 'paragragh', '233123686197719040', 'course', '10485760', '5', '233116161842835456', 'product');
INSERT INTO `unionplat_v1`.`s9_ImageExtend` (`aid`, `id`, `uuid`, `createdBy`, `createdDate`, `lastModifiedBy`, `lastModifiedDate`, `deleted`, `version`, `disable`, `orderSeq`, `devId`, `domain`, `mainMaxnum`, `module`, `position`, `positionId`, `project`, `sizeMax`, `subMaxnum`, `userId`, `variety`) VALUES ('3', '234188807099609088', 'bMqYjJcZczObGIXbs8f', '233116161842835456', '2018-09-27 21:36:05', '233116161842835456', '2018-09-27 21:36:05', '0', '1', '0', '1538055365950', 'sz0099', 'http://m.dramala.com', '100', 'product', 'identity', '234188807099609088', 'course', '10485760', '5', '233116161842835456', 'personal');
INSERT INTO `unionplat_v1`.`s9_ImageExtend` (`aid`, `id`, `uuid`, `createdBy`, `createdDate`, `lastModifiedBy`, `lastModifiedDate`, `deleted`, `version`, `disable`, `orderSeq`, `devId`, `domain`, `mainMaxnum`, `module`, `position`, `positionId`, `project`, `sizeMax`, `subMaxnum`, `userId`, `variety`) VALUES ('4', '234335417012023296', 'jDqRdRI5xWDNAU1MDG8', '233116161842835456', '2018-09-28 07:18:40', '233116161842835456', '2018-09-28 07:18:40', '0', '1', '0', '1538090320439', 'sz0099', 'http://m.dramala.com', '100', 'product', 'headimg', '234335417012023296', 'course', '10485760', '5', '233116161842835456', 'personal');
INSERT INTO `unionplat_v1`.`s9_ImageExtend` (`aid`, `id`, `uuid`, `createdBy`, `createdDate`, `lastModifiedBy`, `lastModifiedDate`, `deleted`, `version`, `disable`, `orderSeq`, `devId`, `domain`, `mainMaxnum`, `module`, `position`, `positionId`, `project`, `sizeMax`, `subMaxnum`, `userId`, `variety`) VALUES ('5', '234911858883784704', 'CXqoWNbZcSfDbI1j4rV', '233116161842835456', '2018-09-29 21:29:15', '233116161842835456', '2018-09-29 21:29:15', '0', '1', '0', '1538227754891', 'sz0099', 'http://m.dramala.com', '100', 'personal', 'paragragh', '234911858883784704', 'course', '10485760', '5', '233116161842835456', 'profession');
INSERT INTO `unionplat_v1`.`s9_ImageExtend` (`aid`, `id`, `uuid`, `createdBy`, `createdDate`, `lastModifiedBy`, `lastModifiedDate`, `deleted`, `version`, `disable`, `orderSeq`, `devId`, `domain`, `mainMaxnum`, `module`, `position`, `positionId`, `project`, `sizeMax`, `subMaxnum`, `userId`, `variety`) VALUES ('6', '235209481654071296', 'jYlVmbhhVhjCfRarfnY', '233116161842835456', '2018-09-30 17:11:54', '233116161842835456', '2018-09-30 17:11:54', '0', '1', '0', '1538298713689', 'sz0099', 'http://m.dramala.com', '100', 'product', 'cover', '235209481654071296', 'course', '10485760', '2', '233116161842835456', 'product');
INSERT INTO `unionplat_v1`.`s9_ImageExtend` (`aid`, `id`, `uuid`, `createdBy`, `createdDate`, `lastModifiedBy`, `lastModifiedDate`, `deleted`, `version`, `disable`, `orderSeq`, `devId`, `domain`, `mainMaxnum`, `module`, `position`, `positionId`, `project`, `sizeMax`, `subMaxnum`, `userId`, `variety`) VALUES ('7', '235435892427943936', 'IcqGewykuRU8PCmeD8N', '233116161842835456', '2018-10-01 08:11:34', '233116161842835456', '2018-10-01 08:11:34', '0', '1', '0', '1538352694225', 'sz0099', 'http://m.dramala.com', '100', 'product', 'cover', '235435892427943936', 'course', '10485760', '2', '233116161842835456', 'profession');
INSERT INTO `unionplat_v1`.`s9_ImageExtend` (`aid`, `id`, `uuid`, `createdBy`, `createdDate`, `lastModifiedBy`, `lastModifiedDate`, `deleted`, `version`, `disable`, `orderSeq`, `devId`, `domain`, `mainMaxnum`, `module`, `position`, `positionId`, `project`, `sizeMax`, `subMaxnum`, `userId`, `variety`) VALUES ('8', '235455742021955584', 'HMLfd0REjxGWZDtf1jf', '233116161842835456', '2018-10-01 09:30:26', '233116161842835456', '2018-10-01 09:30:26', '0', '1', '0', '1538357426737', 'sz0099', 'http://m.dramala.com', '100', 'product', 'banner', '235455742021955584', 'course', '10485760', '3', '233116161842835456', 'product');
INSERT INTO `unionplat_v1`.`s9_ImageExtend` (`aid`, `id`, `uuid`, `createdBy`, `createdDate`, `lastModifiedBy`, `lastModifiedDate`, `deleted`, `version`, `disable`, `orderSeq`, `devId`, `domain`, `mainMaxnum`, `module`, `position`, `positionId`, `project`, `sizeMax`, `subMaxnum`, `userId`, `variety`) VALUES ('9', '235469848430997504', 'tvQPQhLz8Gnpxev0gMN', '233116161842835456', '2018-10-01 10:26:30', '233116161842835456', '2018-10-01 10:26:30', '0', '1', '0', '1538360789967', 'sz0099', 'http://m.dramala.com', '100', 'product', 'banner', '235469848430997504', 'course', '10485760', '3', '233116161842835456', 'profession');
INSERT INTO `unionplat_v1`.`s9_ImageExtend` (`aid`, `id`, `uuid`, `createdBy`, `createdDate`, `lastModifiedBy`, `lastModifiedDate`, `deleted`, `version`, `disable`, `orderSeq`, `devId`, `domain`, `mainMaxnum`, `module`, `position`, `positionId`, `project`, `sizeMax`, `subMaxnum`, `userId`, `variety`) VALUES ('10', '239663704290586624', 'Oj1QJQPLeMkbZMwQQkq', '233116161842835456', '2018-10-13 00:11:23', '233116161842835456', '2018-10-13 00:11:23', '0', '1', '0', '1539360683121', 'sz0099', 'http://m.dramala.com', '100', 'article', 'cover', '239663704290586624', 'course', '10485760', '5', '233116161842835456', 'article');
INSERT INTO `unionplat_v1`.`s9_ImageExtend` (`aid`, `id`, `uuid`, `createdBy`, `createdDate`, `lastModifiedBy`, `lastModifiedDate`, `deleted`, `version`, `disable`, `orderSeq`, `devId`, `domain`, `mainMaxnum`, `module`, `position`, `positionId`, `project`, `sizeMax`, `subMaxnum`, `userId`, `variety`) VALUES ('11', '239664146223427584', '3k4nhV7t8yzyhowr9FK', '233116161842835456', '2018-10-13 00:13:08', '233116161842835456', '2018-10-13 00:13:08', '0', '1', '0', '1539360788486', 'sz0099', 'http://m.dramala.com', '100', 'article', 'banner', '239664146223427584', 'course', '10485760', '5', '233116161842835456', 'article');
INSERT INTO `unionplat_v1`.`s9_ImageExtend` (`aid`, `id`, `uuid`, `createdBy`, `createdDate`, `lastModifiedBy`, `lastModifiedDate`, `deleted`, `version`, `disable`, `orderSeq`, `devId`, `domain`, `mainMaxnum`, `module`, `position`, `positionId`, `project`, `sizeMax`, `subMaxnum`, `userId`, `variety`) VALUES ('12', '239677317680164864', '2hhOjPFDSg2gYjZAOM9', '233116161842835456', '2018-10-13 01:05:29', '233116161842835456', '2018-10-13 01:05:29', '0', '1', '0', '1539363928806', 'sz0099', 'http://m.dramala.com', '100', 'article', 'paragragh', '239677317680164864', 'course', '10485760', '5', '233116161842835456', 'article');



INSERT INTO `unionplat_v1`.`s9_PositionExtend` (`aid`, `id`, `uuid`, `createdBy`, `createdDate`, `lastModifiedBy`, `lastModifiedDate`, `deleted`, `version`, `disable`, `orderSeq`, `devId`, `domain`, `module`, `position`, `positionId`, `project`, `userId`, `variety`, `mainMaxnum`, `refMaxnum`, `subMaxnum`) VALUES ('1', '242156811024297984', 'JttYzspnSnZ10AWwB2m', '233116161842835456', '2018-10-19 21:18:06', '233116161842835456', '2018-10-27 19:48:56', '0', '10', '0', '1539955086123', 'sz0099', 'http://m.dramala.com', 'article', 'system', '242156811024297984', 'course', '233116161842835456', 'article', '20', '60000', '5');
INSERT INTO `unionplat_v1`.`s9_PositionExtend` (`aid`, `id`, `uuid`, `createdBy`, `createdDate`, `lastModifiedBy`, `lastModifiedDate`, `deleted`, `version`, `disable`, `orderSeq`, `devId`, `domain`, `module`, `position`, `positionId`, `project`, `userId`, `variety`, `mainMaxnum`, `refMaxnum`, `subMaxnum`) VALUES ('2', '242156981732470784', 'Q3kSswo9VADXDCLbwiK', '233116161842835456', '2018-10-19 21:18:47', '233116161842835456', '2018-10-28 08:33:39', '0', '1', '0', '1539955126786', 'sz0099', 'http://m.dramala.com', 'personal', 'system', '242156981732470784', 'course', '233116161842835456', 'profession', '20', '20000', '5');



INSERT INTO `unionplat_v1`.`s9_Position` (`aid`, `id`, `uuid`, `createdBy`, `createdDate`, `lastModifiedBy`, `lastModifiedDate`, `deleted`, `version`, `disable`, `orderSeq`, `bannerImage`, `closedTime`, `description`, `link`, `mainId`, `name`, `openTime`, `status`, `title`, `userId`, `layout`, `subId`, `extendId`, `positionId`, `panel`) VALUES ('5', '242720292593168384', '52a0JSEjSRW6V8YqmGj', '233116161842835456', '2018-10-21 10:37:10', '233116161842835456', '2018-11-10 10:53:12', '0', '5', '0', '5', NULL, NULL, '首页头条主栏，最显眼的位置', '', '10000', '头条滚播', '2018-11-10 10:53:12', '1', '首页头条主栏', '233116161842835456', '1', '1', '242156811024297984', '242156811024297984', '1');
INSERT INTO `unionplat_v1`.`s9_Position` (`aid`, `id`, `uuid`, `createdBy`, `createdDate`, `lastModifiedBy`, `lastModifiedDate`, `deleted`, `version`, `disable`, `orderSeq`, `bannerImage`, `closedTime`, `description`, `link`, `mainId`, `name`, `openTime`, `status`, `title`, `userId`, `layout`, `subId`, `extendId`, `positionId`, `panel`) VALUES ('6', '242723607217401856', 'isyFvKfbImUr6MxkC7u', '233116161842835456', '2018-10-21 10:50:21', '237612403985707008', '2018-11-10 09:29:17', '0', '3', '0', '6', NULL, NULL, '大屏突出展示', '', '10000', '大屏独播', '2018-11-10 09:29:17', '1', '独家记忆', '233116161842835456', '3', '1', '242156811024297984', '242156811024297984', '5');
INSERT INTO `unionplat_v1`.`s9_Position` (`aid`, `id`, `uuid`, `createdBy`, `createdDate`, `lastModifiedBy`, `lastModifiedDate`, `deleted`, `version`, `disable`, `orderSeq`, `bannerImage`, `closedTime`, `description`, `link`, `mainId`, `name`, `openTime`, `status`, `title`, `userId`, `layout`, `subId`, `extendId`, `positionId`, `panel`) VALUES ('7', '244646119526330368', 'TYQHzoY6LwlmAvSmLNK', '233116161842835456', '2018-10-26 18:09:43', '233116161842835456', '2018-11-15 13:15:41', '0', '2', '0', '7', NULL, NULL, '探路行动，推荐展示', '', '10000', '探路行动', '2018-11-15 13:15:41', '1', '探路行动', '233116161842835456', '0', '1', '242156811024297984', '242156811024297984', '3');
INSERT INTO `unionplat_v1`.`s9_Position` (`aid`, `id`, `uuid`, `createdBy`, `createdDate`, `lastModifiedBy`, `lastModifiedDate`, `deleted`, `version`, `disable`, `orderSeq`, `bannerImage`, `closedTime`, `description`, `link`, `mainId`, `name`, `openTime`, `status`, `title`, `userId`, `layout`, `subId`, `extendId`, `positionId`, `panel`) VALUES ('8', '245226422624022528', 'nLYE0d6oUHFmCd3mM9y', '233116161842835456', '2018-10-28 08:35:38', '233116161842835456', '2018-11-05 11:14:26', '0', '3', '0', '8', NULL, NULL, '邀请人技能', '', '10000', '邀请人技能', '2018-11-05 11:14:26', '1', '邀请人技能', '233116161842835456', '2', '1', '242156981732470784', '242156981732470784', '30');
INSERT INTO `unionplat_v1`.`s9_Position` (`aid`, `id`, `uuid`, `createdBy`, `createdDate`, `lastModifiedBy`, `lastModifiedDate`, `deleted`, `version`, `disable`, `orderSeq`, `bannerImage`, `closedTime`, `description`, `link`, `mainId`, `name`, `openTime`, `status`, `title`, `userId`, `layout`, `subId`, `extendId`, `positionId`, `panel`) VALUES ('9', '248165567319207936', 'ZXJ6RDwwMQoI4KHaBJi', '233116161842835456', '2018-11-05 11:14:45', '233116161842835456', '2018-11-11 10:20:54', '0', '4', '0', '9', NULL, NULL, '技能推广，专为技能推广而设的栏目', '', '10000', '技能推广', '2018-11-11 10:20:54', '1', '技能推广', '233116161842835456', '0', '4', '242156981732470784', '242156981732470784', '31');
INSERT INTO `unionplat_v1`.`s9_Position` (`aid`, `id`, `uuid`, `createdBy`, `createdDate`, `lastModifiedBy`, `lastModifiedDate`, `deleted`, `version`, `disable`, `orderSeq`, `bannerImage`, `closedTime`, `description`, `link`, `mainId`, `name`, `openTime`, `status`, `title`, `userId`, `layout`, `subId`, `extendId`, `positionId`, `panel`) VALUES ('10', '250325460125970432', 'L8hfowBdaNpznn1YHwj', '233116161842835456', '2018-11-11 10:17:24', '233116161842835456', '2018-11-17 08:58:26', '0', '5', '0', '10', NULL, NULL, '专题：独道的技术、艺术工艺，坚守工匠精神，传承精湛技艺', '', '10000', '独具匠心', '2018-11-17 08:58:26', '1', '独具匠心', '233116161842835456', '3', '1', '242156981732470784', '242156981732470784', '35');
INSERT INTO `unionplat_v1`.`s9_Position` (`aid`, `id`, `uuid`, `createdBy`, `createdDate`, `lastModifiedBy`, `lastModifiedDate`, `deleted`, `version`, `disable`, `orderSeq`, `bannerImage`, `closedTime`, `description`, `link`, `mainId`, `name`, `openTime`, `status`, `title`, `userId`, `layout`, `subId`, `extendId`, `positionId`, `panel`) VALUES ('11', '250335185785810944', 'utaygquOJtoF0gy5l6O', '233116161842835456', '2018-11-11 10:56:02', '233116161842835456', '2018-11-17 08:58:12', '0', '4', '0', '11', NULL, NULL, '独道的技术、艺术工艺，坚守工匠精神，传承精湛技艺', '', '10000', '能工巧匠', '2018-11-17 08:58:12', '1', '能工巧匠', '233116161842835456', '2', '1', '242156981732470784', '242156981732470784', '33');
INSERT INTO `unionplat_v1`.`s9_Position` (`aid`, `id`, `uuid`, `createdBy`, `createdDate`, `lastModifiedBy`, `lastModifiedDate`, `deleted`, `version`, `disable`, `orderSeq`, `bannerImage`, `closedTime`, `description`, `link`, `mainId`, `name`, `openTime`, `status`, `title`, `userId`, `layout`, `subId`, `extendId`, `positionId`, `panel`) VALUES ('12', '250352620190527488', 'HLBxLfV215SntpFOYVq', '233116161842835456', '2018-11-11 12:05:19', '233116161842835456', '2018-11-11 12:24:01', '0', '5', '0', '12', NULL, NULL, '需要展示旗帜的地方', '', '10000', '群侠旗帜', '2018-11-11 12:24:01', '1', '群侠大旗', '233116161842835456', '1', '1', '242156811024297984', '242156811024297984', '6');
INSERT INTO `unionplat_v1`.`s9_Position` (`aid`, `id`, `uuid`, `createdBy`, `createdDate`, `lastModifiedBy`, `lastModifiedDate`, `deleted`, `version`, `disable`, `orderSeq`, `bannerImage`, `closedTime`, `description`, `link`, `mainId`, `name`, `openTime`, `status`, `title`, `userId`, `layout`, `subId`, `extendId`, `positionId`, `panel`) VALUES ('13', '250356805002817536', '2vpDg9guTfozCjNl11o', '233116161842835456', '2018-11-11 12:21:57', '233116161842835456', '2018-11-11 12:23:49', '0', '3', '0', '13', NULL, NULL, '雪峰大旗，需要展示旗帜的地方', '', '10000', '雪峰旗帜', '2018-11-11 12:23:49', '1', '雪峰大旗', '233116161842835456', '1', '1', '242156811024297984', '242156811024297984', '16');
INSERT INTO `unionplat_v1`.`s9_Position` (`aid`, `id`, `uuid`, `createdBy`, `createdDate`, `lastModifiedBy`, `lastModifiedDate`, `deleted`, `version`, `disable`, `orderSeq`, `bannerImage`, `closedTime`, `description`, `link`, `mainId`, `name`, `openTime`, `status`, `title`, `userId`, `layout`, `subId`, `extendId`, `positionId`, `panel`) VALUES ('14', '252478395140239360', 'VgRYifhTGk9Hgv3hILW', '233116161842835456', '2018-11-17 08:52:24', '233116161842835456', '2018-11-17 08:55:36', '0', '4', '0', '14', NULL, NULL, '户外专享，展示户外需求与服务，对应技能分类里的【户外技】', '', '10000', '户外专享-户外技', '2018-11-17 08:55:36', '1', '户外专享', '233116161842835456', '8', '1', '242156981732470784', '242156981732470784', '36');
INSERT INTO `unionplat_v1`.`s9_Position` (`aid`, `id`, `uuid`, `createdBy`, `createdDate`, `lastModifiedBy`, `lastModifiedDate`, `deleted`, `version`, `disable`, `orderSeq`, `bannerImage`, `closedTime`, `description`, `link`, `mainId`, `name`, `openTime`, `status`, `title`, `userId`, `layout`, `subId`, `extendId`, `positionId`, `panel`) VALUES ('15', '252479241701781504', 'G6eHEDKLIGrpjeAumHj', '233116161842835456', '2018-11-17 08:55:45', '233116161842835456', '2018-11-17 08:57:41', '0', '3', '0', '15', NULL, NULL, '大侠必杀，取自必杀技分类', '', '10000', '大侠必杀-必杀技', '2018-11-17 08:57:41', '1', '大侠必杀', '233116161842835456', '7', '1', '242156981732470784', '242156981732470784', '34');




INSERT INTO `unionplat_v1`.`s9_ProfessionExtend` (`aid`, `id`, `uuid`, `createdBy`, `createdDate`, `lastModifiedBy`, `lastModifiedDate`, `deleted`, `version`, `disable`, `orderSeq`, `devId`, `domain`, `mainMaxnum`, `module`, `position`, `positionId`, `project`, `refMaxnum`, `subMaxnum`, `userId`, `variety`) VALUES ('1', '246150346295701504', 'DVOyY742fCxryZrotqi', '233116161842835456', '2018-10-30 21:46:59', '233116161842835456', '2018-10-30 21:46:59', '0', '1', '0', '1540907219092', 'sz0099', 'dml.sz0099.course.app.persist.entity.profession.Profession', '3', 'personal', 'system', '246150346295701504', 'course', '50', '10', '233116161842835456', 'profession');




INSERT INTO `unionplat_v1`.`s9_Category` (`aid`, `id`, `uuid`, `createdBy`, `createdDate`, `lastModifiedBy`, `lastModifiedDate`, `deleted`, `version`, `disable`, `orderSeq`, `ad`, `code`, `countNum`, `extendId`, `name`, `parentId`, `positionId`, `mainId`, `subId`, `userId`) VALUES ('72', '239654087770730496', 'E3RA5Qt1oDebtiTVTTb', '233116161842835456', '2018-10-12 23:33:10', '233116161842835456', '2018-11-13 12:05:51', '0', '4', '0', '20', NULL, 'article_action', NULL, '239651588653412352', '行动', '999999', '239651588653412352', '10000', '10000', '233116161842835456');
INSERT INTO `unionplat_v1`.`s9_Category` (`aid`, `id`, `uuid`, `createdBy`, `createdDate`, `lastModifiedBy`, `lastModifiedDate`, `deleted`, `version`, `disable`, `orderSeq`, `ad`, `code`, `countNum`, `extendId`, `name`, `parentId`, `positionId`, `mainId`, `subId`, `userId`) VALUES ('73', '239654757366198272', 'vH3D7l7TN8Llg8NF9VL', '233116161842835456', '2018-10-12 23:35:50', '233116161842835456', '2018-11-13 12:07:23', '0', '8', '0', '21', NULL, 'article_action_flag', NULL, '239651588653412352', '插旗行动', '239654087770730496', '239651588653412352', '10000', '10000', '233116161842835456');
INSERT INTO `unionplat_v1`.`s9_Category` (`aid`, `id`, `uuid`, `createdBy`, `createdDate`, `lastModifiedBy`, `lastModifiedDate`, `deleted`, `version`, `disable`, `orderSeq`, `ad`, `code`, `countNum`, `extendId`, `name`, `parentId`, `positionId`, `mainId`, `subId`, `userId`) VALUES ('74', '239656109349761024', '3Ti3uL6fGQ4vMq5BjBL', '233116161842835456', '2018-10-12 23:41:12', '233116161842835456', '2018-11-13 12:06:29', '0', '5', '0', '22', NULL, 'article_action_free', NULL, '239651588653412352', '自由行动', '239654087770730496', '239651588653412352', '10000', '10000', '233116161842835456');
INSERT INTO `unionplat_v1`.`s9_Category` (`aid`, `id`, `uuid`, `createdBy`, `createdDate`, `lastModifiedBy`, `lastModifiedDate`, `deleted`, `version`, `disable`, `orderSeq`, `ad`, `code`, `countNum`, `extendId`, `name`, `parentId`, `positionId`, `mainId`, `subId`, `userId`) VALUES ('75', '239657118927122432', '195RU3IYKi19nzflOcW', '233116161842835456', '2018-10-12 23:45:13', '233116161842835456', '2018-11-10 11:57:02', '0', '4', '0', '10', NULL, 'article_shared', NULL, '239651588653412352', '记实', '999999', '239651588653412352', '10000', '10000', '233116161842835456');
INSERT INTO `unionplat_v1`.`s9_Category` (`aid`, `id`, `uuid`, `createdBy`, `createdDate`, `lastModifiedBy`, `lastModifiedDate`, `deleted`, `version`, `disable`, `orderSeq`, `ad`, `code`, `countNum`, `extendId`, `name`, `parentId`, `positionId`, `mainId`, `subId`, `userId`) VALUES ('76', '239657671690252288', 'TnRUUvJGJUOnKdORUWb', '233116161842835456', '2018-10-12 23:47:25', '233116161842835456', '2018-10-13 00:02:53', '0', '3', '0', '11', NULL, 'article_shared_foot', NULL, '239651588653412352', '徒步', '239657118927122432', '239651588653412352', '10000', '10000', '233116161842835456');
INSERT INTO `unionplat_v1`.`s9_Category` (`aid`, `id`, `uuid`, `createdBy`, `createdDate`, `lastModifiedBy`, `lastModifiedDate`, `deleted`, `version`, `disable`, `orderSeq`, `ad`, `code`, `countNum`, `extendId`, `name`, `parentId`, `positionId`, `mainId`, `subId`, `userId`) VALUES ('77', '239658436458672128', '4xy26ryyudSZkllzWOF', '233116161842835456', '2018-10-12 23:50:27', '233116161842835456', '2018-11-03 12:05:54', '0', '5', '0', '12', NULL, 'article_shared_bike', NULL, '239651588653412352', '骑行', '239657118927122432', '239651588653412352', '10000', '10000', '233116161842835456');
INSERT INTO `unionplat_v1`.`s9_Category` (`aid`, `id`, `uuid`, `createdBy`, `createdDate`, `lastModifiedBy`, `lastModifiedDate`, `deleted`, `version`, `disable`, `orderSeq`, `ad`, `code`, `countNum`, `extendId`, `name`, `parentId`, `positionId`, `mainId`, `subId`, `userId`) VALUES ('78', '239658925300609024', '795XdvdlaLW96clLvQS', '233116161842835456', '2018-10-12 23:52:24', '233116161842835456', '2018-11-03 12:06:30', '0', '4', '0', '13', NULL, 'article_shared_lightTravel', NULL, '239651588653412352', '轻旅行', '239657118927122432', '239651588653412352', '10000', '10000', '233116161842835456');
INSERT INTO `unionplat_v1`.`s9_Category` (`aid`, `id`, `uuid`, `createdBy`, `createdDate`, `lastModifiedBy`, `lastModifiedDate`, `deleted`, `version`, `disable`, `orderSeq`, `ad`, `code`, `countNum`, `extendId`, `name`, `parentId`, `positionId`, `mainId`, `subId`, `userId`) VALUES ('80', '245350858882772992', 'PoaBIw0evuo5zbqbx2x', '233116161842835456', '2018-10-28 16:50:06', '233116161842835456', '2018-11-16 18:18:40', '0', '3', '0', '210', NULL, 'profession_major', NULL, '245350517894246400', '专业技', '999999', '245350517894246400', '10000', '10000', '233116161842835456');
INSERT INTO `unionplat_v1`.`s9_Category` (`aid`, `id`, `uuid`, `createdBy`, `createdDate`, `lastModifiedBy`, `lastModifiedDate`, `deleted`, `version`, `disable`, `orderSeq`, `ad`, `code`, `countNum`, `extendId`, `name`, `parentId`, `positionId`, `mainId`, `subId`, `userId`) VALUES ('81', '245351034309537792', 'PBOFnNEXPx3joUu8DJz', '233116161842835456', '2018-10-28 16:50:48', '233116161842835456', '2018-11-16 18:13:51', '0', '3', '0', '220', NULL, 'profession_outdoor', NULL, '245350517894246400', '户外技', '999999', '245350517894246400', '10000', '10000', '233116161842835456');
INSERT INTO `unionplat_v1`.`s9_Category` (`aid`, `id`, `uuid`, `createdBy`, `createdDate`, `lastModifiedBy`, `lastModifiedDate`, `deleted`, `version`, `disable`, `orderSeq`, `ad`, `code`, `countNum`, `extendId`, `name`, `parentId`, `positionId`, `mainId`, `subId`, `userId`) VALUES ('82', '245351219861352448', 'Lfctx43v8532FE12ThU', '233116161842835456', '2018-10-28 16:51:33', '233116161842835456', '2018-11-16 19:21:07', '0', '5', '0', '230', NULL, 'profession_relax', NULL, '245350517894246400', '艺术娱乐技', '999999', '245350517894246400', '10000', '10000', '233116161842835456');
INSERT INTO `unionplat_v1`.`s9_Category` (`aid`, `id`, `uuid`, `createdBy`, `createdDate`, `lastModifiedBy`, `lastModifiedDate`, `deleted`, `version`, `disable`, `orderSeq`, `ad`, `code`, `countNum`, `extendId`, `name`, `parentId`, `positionId`, `mainId`, `subId`, `userId`) VALUES ('83', '245351617959522304', '5feh5GE5kULsyIHEsTd', '233116161842835456', '2018-10-28 16:53:07', '233116161842835456', '2018-11-16 18:41:45', '0', '3', '0', '240', NULL, 'profession_eat', NULL, '245350517894246400', '吃货技', '999999', '245350517894246400', '10000', '10000', '233116161842835456');
INSERT INTO `unionplat_v1`.`s9_Category` (`aid`, `id`, `uuid`, `createdBy`, `createdDate`, `lastModifiedBy`, `lastModifiedDate`, `deleted`, `version`, `disable`, `orderSeq`, `ad`, `code`, `countNum`, `extendId`, `name`, `parentId`, `positionId`, `mainId`, `subId`, `userId`) VALUES ('84', '245351962211217408', 'fSFZY7SHajCj6ur0hFP', '233116161842835456', '2018-10-28 16:54:29', '233116161842835456', '2018-11-16 18:41:54', '0', '3', '0', '250', NULL, 'profession_kill', NULL, '245350517894246400', '必杀技', '999999', '245350517894246400', '10000', '10000', '233116161842835456');
INSERT INTO `unionplat_v1`.`s9_Category` (`aid`, `id`, `uuid`, `createdBy`, `createdDate`, `lastModifiedBy`, `lastModifiedDate`, `deleted`, `version`, `disable`, `orderSeq`, `ad`, `code`, `countNum`, `extendId`, `name`, `parentId`, `positionId`, `mainId`, `subId`, `userId`) VALUES ('85', '245634109924929536', 'E4qWPPwS1nlQskdnz5S', '233116161842835456', '2018-10-29 11:35:39', '233116161842835456', '2018-11-13 12:21:22', '0', '5', '0', '200', NULL, 'article_profession', NULL, '239651588653412352', '技能', '999999', '239651588653412352', '10000', '10000', '233116161842835456');
INSERT INTO `unionplat_v1`.`s9_Category` (`aid`, `id`, `uuid`, `createdBy`, `createdDate`, `lastModifiedBy`, `lastModifiedDate`, `deleted`, `version`, `disable`, `orderSeq`, `ad`, `code`, `countNum`, `extendId`, `name`, `parentId`, `positionId`, `mainId`, `subId`, `userId`) VALUES ('86', '249970337973497856', 'V7FSMppkGSpBD3U2p8h', '233116161842835456', '2018-11-10 10:46:16', '233116161842835456', '2018-11-13 12:21:42', '0', '5', '0', '150', NULL, 'special_remember', NULL, '239651588653412352', '独家记忆', '999999', '239651588653412352', '10000', '10000', '233116161842835456');
INSERT INTO `unionplat_v1`.`s9_Category` (`aid`, `id`, `uuid`, `createdBy`, `createdDate`, `lastModifiedBy`, `lastModifiedDate`, `deleted`, `version`, `disable`, `orderSeq`, `ad`, `code`, `countNum`, `extendId`, `name`, `parentId`, `positionId`, `mainId`, `subId`, `userId`) VALUES ('87', '249981769427415040', 'cEpim7108s3AN7Sr3yZ', '233116161842835456', '2018-11-10 11:31:42', '233116161842835456', '2018-11-13 12:20:19', '0', '4', '0', '100', NULL, 'article_eat', NULL, '239651588653412352', '吃货聚焦', '999999', '239651588653412352', '10000', '10000', '233116161842835456');
INSERT INTO `unionplat_v1`.`s9_Category` (`aid`, `id`, `uuid`, `createdBy`, `createdDate`, `lastModifiedBy`, `lastModifiedDate`, `deleted`, `version`, `disable`, `orderSeq`, `ad`, `code`, `countNum`, `extendId`, `name`, `parentId`, `positionId`, `mainId`, `subId`, `userId`) VALUES ('88', '249982489488748544', 'CyWKMOzFgDniFthrU53', '233116161842835456', '2018-11-10 11:34:33', '233116161842835456', '2018-11-13 12:20:35', '0', '4', '0', '101', NULL, 'article_eat_farmstay', NULL, '239651588653412352', '农家乐', '249981769427415040', '239651588653412352', '10000', '10000', '233116161842835456');
INSERT INTO `unionplat_v1`.`s9_Category` (`aid`, `id`, `uuid`, `createdBy`, `createdDate`, `lastModifiedBy`, `lastModifiedDate`, `deleted`, `version`, `disable`, `orderSeq`, `ad`, `code`, `countNum`, `extendId`, `name`, `parentId`, `positionId`, `mainId`, `subId`, `userId`) VALUES ('89', '249982968029474816', 'X76ARBKJYzcZgM4MgF2', '233116161842835456', '2018-11-10 11:36:27', '233116161842835456', '2018-11-13 12:20:44', '0', '5', '0', '102', NULL, 'article_eat_togethor', NULL, '239651588653412352', '合家欢', '249981769427415040', '239651588653412352', '10000', '10000', '233116161842835456');
INSERT INTO `unionplat_v1`.`s9_Category` (`aid`, `id`, `uuid`, `createdBy`, `createdDate`, `lastModifiedBy`, `lastModifiedDate`, `deleted`, `version`, `disable`, `orderSeq`, `ad`, `code`, `countNum`, `extendId`, `name`, `parentId`, `positionId`, `mainId`, `subId`, `userId`) VALUES ('90', '249983526152925184', 'Er1C7l4mIGHn6nfzLzN', '233116161842835456', '2018-11-10 11:38:40', '233116161842835456', '2018-11-13 12:20:54', '0', '5', '0', '103', NULL, 'article_eat_outdoor', NULL, '239651588653412352', '野餐团', '249981769427415040', '239651588653412352', '10000', '10000', '233116161842835456');
INSERT INTO `unionplat_v1`.`s9_Category` (`aid`, `id`, `uuid`, `createdBy`, `createdDate`, `lastModifiedBy`, `lastModifiedDate`, `deleted`, `version`, `disable`, `orderSeq`, `ad`, `code`, `countNum`, `extendId`, `name`, `parentId`, `positionId`, `mainId`, `subId`, `userId`) VALUES ('91', '249984435020853248', 'UT8GV8zoDk3DklT1DVs', '233116161842835456', '2018-11-10 11:42:17', '233116161842835456', '2018-11-13 12:06:51', '0', '3', '0', '23', NULL, 'article_action_explorer', NULL, '239651588653412352', '探路行动', '239654087770730496', '239651588653412352', '10000', '10000', '233116161842835456');
INSERT INTO `unionplat_v1`.`s9_Category` (`aid`, `id`, `uuid`, `createdBy`, `createdDate`, `lastModifiedBy`, `lastModifiedDate`, `deleted`, `version`, `disable`, `orderSeq`, `ad`, `code`, `countNum`, `extendId`, `name`, `parentId`, `positionId`, `mainId`, `subId`, `userId`) VALUES ('92', '250313567067926528', 'oBn4fD1H6sXZpH0O8Ol', '233116161842835456', '2018-11-11 09:30:08', '233116161842835456', '2018-11-11 09:31:07', '0', '2', '0', '40', NULL, 'article_equipment', NULL, '239651588653412352', '装备篇', '999999', '239651588653412352', '10000', '10000', '233116161842835456');
INSERT INTO `unionplat_v1`.`s9_Category` (`aid`, `id`, `uuid`, `createdBy`, `createdDate`, `lastModifiedBy`, `lastModifiedDate`, `deleted`, `version`, `disable`, `orderSeq`, `ad`, `code`, `countNum`, `extendId`, `name`, `parentId`, `positionId`, `mainId`, `subId`, `userId`) VALUES ('93', '250313830424080384', 'Fu5AVyqaTK0vBKwwId3', '233116161842835456', '2018-11-11 09:31:11', '233116161842835456', '2018-11-11 09:32:29', '0', '2', '0', '41', NULL, 'artice_equip_real', NULL, '239651588653412352', '实战检验', '250313567067926528', '239651588653412352', '10000', '10000', '233116161842835456');
INSERT INTO `unionplat_v1`.`s9_Category` (`aid`, `id`, `uuid`, `createdBy`, `createdDate`, `lastModifiedBy`, `lastModifiedDate`, `deleted`, `version`, `disable`, `orderSeq`, `ad`, `code`, `countNum`, `extendId`, `name`, `parentId`, `positionId`, `mainId`, `subId`, `userId`) VALUES ('94', '250313866180521984', 'rISQrf7dfO4JvoFnH3P', '233116161842835456', '2018-11-11 09:31:20', '233116161842835456', '2018-11-11 09:34:22', '0', '2', '0', '42', NULL, 'articel_equip_popular', NULL, '239651588653412352', '大众流行', '250313567067926528', '239651588653412352', '10000', '10000', '233116161842835456');
INSERT INTO `unionplat_v1`.`s9_Category` (`aid`, `id`, `uuid`, `createdBy`, `createdDate`, `lastModifiedBy`, `lastModifiedDate`, `deleted`, `version`, `disable`, `orderSeq`, `ad`, `code`, `countNum`, `extendId`, `name`, `parentId`, `positionId`, `mainId`, `subId`, `userId`) VALUES ('95', '251078838972018688', '9i66eHMW3V0sc1cggaD', '233116161842835456', '2018-11-13 12:11:03', '233116161842835456', '2018-11-13 12:11:37', '0', '2', '0', '30', NULL, 'article_flag', NULL, '239651588653412352', '旗帜飘扬', '999999', '239651588653412352', '10000', '10000', '233116161842835456');
INSERT INTO `unionplat_v1`.`s9_Category` (`aid`, `id`, `uuid`, `createdBy`, `createdDate`, `lastModifiedBy`, `lastModifiedDate`, `deleted`, `version`, `disable`, `orderSeq`, `ad`, `code`, `countNum`, `extendId`, `name`, `parentId`, `positionId`, `mainId`, `subId`, `userId`) VALUES ('96', '251079005821431808', 'zf742IIxyVvSddutcnc', '233116161842835456', '2018-11-13 12:11:43', '233116161842835456', '2018-11-13 12:12:49', '0', '2', '0', '31', NULL, 'article_flag_qx', NULL, '239651588653412352', '群侠大旗', '251078838972018688', '239651588653412352', '10000', '10000', '233116161842835456');
INSERT INTO `unionplat_v1`.`s9_Category` (`aid`, `id`, `uuid`, `createdBy`, `createdDate`, `lastModifiedBy`, `lastModifiedDate`, `deleted`, `version`, `disable`, `orderSeq`, `ad`, `code`, `countNum`, `extendId`, `name`, `parentId`, `positionId`, `mainId`, `subId`, `userId`) VALUES ('97', '251079039510081536', '0c5wWDVuAZl2hni3OlF', '233116161842835456', '2018-11-13 12:11:51', '233116161842835456', '2018-11-13 12:23:14', '0', '3', '0', '32', NULL, 'article_flag_xf', NULL, '239651588653412352', '雪峰大旗', '251078838972018688', '239651588653412352', '10000', '10000', '233116161842835456');
INSERT INTO `unionplat_v1`.`s9_Category` (`aid`, `id`, `uuid`, `createdBy`, `createdDate`, `lastModifiedBy`, `lastModifiedDate`, `deleted`, `version`, `disable`, `orderSeq`, `ad`, `code`, `countNum`, `extendId`, `name`, `parentId`, `positionId`, `mainId`, `subId`, `userId`) VALUES ('98', '251080219627843584', '3sPRUtdEOC6WEnXI87D', '233116161842835456', '2018-11-13 12:16:32', '233116161842835456', '2018-11-13 12:17:20', '0', '2', '0', '50', NULL, 'article_guide_roadline', NULL, '239651588653412352', '线路攻略', '999999', '239651588653412352', '10000', '10000', '233116161842835456');
INSERT INTO `unionplat_v1`.`s9_Category` (`aid`, `id`, `uuid`, `createdBy`, `createdDate`, `lastModifiedBy`, `lastModifiedDate`, `deleted`, `version`, `disable`, `orderSeq`, `ad`, `code`, `countNum`, `extendId`, `name`, `parentId`, `positionId`, `mainId`, `subId`, `userId`) VALUES ('99', '252256414885179392', 'JyXqi2z0fnsnW6nohjw', '233116161842835456', '2018-11-16 18:10:19', '233116161842835456', '2018-11-16 18:13:29', '0', '3', '0', '211', NULL, 'profession_major_360', NULL, '245350517894246400', '360行', '245350858882772992', '245350517894246400', '10000', '10000', '233116161842835456');
INSERT INTO `unionplat_v1`.`s9_Category` (`aid`, `id`, `uuid`, `createdBy`, `createdDate`, `lastModifiedBy`, `lastModifiedDate`, `deleted`, `version`, `disable`, `orderSeq`, `ad`, `code`, `countNum`, `extendId`, `name`, `parentId`, `positionId`, `mainId`, `subId`, `userId`) VALUES ('100', '252256439094702080', 'uCFJKCypt9EE84n5XQo', '233116161842835456', '2018-11-16 18:10:25', '233116161842835456', '2018-11-16 18:13:02', '0', '2', '0', '212', NULL, 'profession_major_artisan', NULL, '245350517894246400', '能工巧匠', '245350858882772992', '245350517894246400', '10000', '10000', '233116161842835456');
INSERT INTO `unionplat_v1`.`s9_Category` (`aid`, `id`, `uuid`, `createdBy`, `createdDate`, `lastModifiedBy`, `lastModifiedDate`, `deleted`, `version`, `disable`, `orderSeq`, `ad`, `code`, `countNum`, `extendId`, `name`, `parentId`, `positionId`, `mainId`, `subId`, `userId`) VALUES ('101', '252256453686685696', 'Jw07yj4L0PTWHVJ1kf7', '233116161842835456', '2018-11-16 18:10:29', '233116161842835456', '2018-11-16 18:12:35', '0', '2', '0', '213', NULL, 'profession_major_ingenuity', NULL, '245350517894246400', '独具匠心', '245350858882772992', '245350517894246400', '10000', '10000', '233116161842835456');
INSERT INTO `unionplat_v1`.`s9_Category` (`aid`, `id`, `uuid`, `createdBy`, `createdDate`, `lastModifiedBy`, `lastModifiedDate`, `deleted`, `version`, `disable`, `orderSeq`, `ad`, `code`, `countNum`, `extendId`, `name`, `parentId`, `positionId`, `mainId`, `subId`, `userId`) VALUES ('102', '252258396823842816', 'mgNpH6i2nKR5rQ1mZpY', '233116161842835456', '2018-11-16 18:18:12', '233116161842835456', '2018-11-16 18:25:36', '0', '2', '0', '221', NULL, 'profession_outdoor_navigator', NULL, '245350517894246400', '领队', '245351034309537792', '245350517894246400', '10000', '10000', '233116161842835456');
INSERT INTO `unionplat_v1`.`s9_Category` (`aid`, `id`, `uuid`, `createdBy`, `createdDate`, `lastModifiedBy`, `lastModifiedDate`, `deleted`, `version`, `disable`, `orderSeq`, `ad`, `code`, `countNum`, `extendId`, `name`, `parentId`, `positionId`, `mainId`, `subId`, `userId`) VALUES ('103', '252258410178506752', 'hMHUYZU9RfFxZn4uG9J', '233116161842835456', '2018-11-16 18:18:15', '233116161842835456', '2018-11-16 18:26:47', '0', '2', '0', '222', NULL, 'profession_outdoor_encampment', NULL, '245350517894246400', '宿营', '245351034309537792', '245350517894246400', '10000', '10000', '233116161842835456');
INSERT INTO `unionplat_v1`.`s9_Category` (`aid`, `id`, `uuid`, `createdBy`, `createdDate`, `lastModifiedBy`, `lastModifiedDate`, `deleted`, `version`, `disable`, `orderSeq`, `ad`, `code`, `countNum`, `extendId`, `name`, `parentId`, `positionId`, `mainId`, `subId`, `userId`) VALUES ('104', '252258428826382336', 'aTLXimwjW98a74DmSyt', '233116161842835456', '2018-11-16 18:18:19', '233116161842835456', '2018-11-16 18:33:42', '0', '3', '0', '223', NULL, 'profession_outdoor_equipment', NULL, '245350517894246400', '装备', '245351034309537792', '245350517894246400', '10000', '10000', '233116161842835456');
INSERT INTO `unionplat_v1`.`s9_Category` (`aid`, `id`, `uuid`, `createdBy`, `createdDate`, `lastModifiedBy`, `lastModifiedDate`, `deleted`, `version`, `disable`, `orderSeq`, `ad`, `code`, `countNum`, `extendId`, `name`, `parentId`, `positionId`, `mainId`, `subId`, `userId`) VALUES ('105', '252262560442314752', 'Y8M22jAAWQAPCiYx0va', '233116161842835456', '2018-11-16 18:34:44', '233116161842835456', '2018-11-16 18:38:46', '0', '3', '0', '224', NULL, 'profession_outdoor_traffic', NULL, '245350517894246400', '车船', '245351034309537792', '245350517894246400', '10000', '10000', '233116161842835456');
INSERT INTO `unionplat_v1`.`s9_Category` (`aid`, `id`, `uuid`, `createdBy`, `createdDate`, `lastModifiedBy`, `lastModifiedDate`, `deleted`, `version`, `disable`, `orderSeq`, `ad`, `code`, `countNum`, `extendId`, `name`, `parentId`, `positionId`, `mainId`, `subId`, `userId`) VALUES ('109', '252264152734330880', 'V0UQUscH65xWUwHlNvh', '233116161842835456', '2018-11-16 18:41:04', '233116161842835456', '2018-11-16 19:19:29', '0', '2', '0', '241', NULL, 'profession_eat_pick', NULL, '245350517894246400', '采摘农家', '245351617959522304', '245350517894246400', '10000', '10000', '233116161842835456');
INSERT INTO `unionplat_v1`.`s9_Category` (`aid`, `id`, `uuid`, `createdBy`, `createdDate`, `lastModifiedBy`, `lastModifiedDate`, `deleted`, `version`, `disable`, `orderSeq`, `ad`, `code`, `countNum`, `extendId`, `name`, `parentId`, `positionId`, `mainId`, `subId`, `userId`) VALUES ('110', '252264165799587840', '9fOUIzbnsMVzMrN2naZ', '233116161842835456', '2018-11-16 18:41:07', '233116161842835456', '2018-11-16 19:20:04', '0', '2', '0', '242', NULL, 'profession_eat_delicacy', NULL, '245350517894246400', '美食小巷', '245351617959522304', '245350517894246400', '10000', '10000', '233116161842835456');
INSERT INTO `unionplat_v1`.`s9_Category` (`aid`, `id`, `uuid`, `createdBy`, `createdDate`, `lastModifiedBy`, `lastModifiedDate`, `deleted`, `version`, `disable`, `orderSeq`, `ad`, `code`, `countNum`, `extendId`, `name`, `parentId`, `positionId`, `mainId`, `subId`, `userId`) VALUES ('111', '252264182996234240', 'c3CfpzyadBnkjytDYsL', '233116161842835456', '2018-11-16 18:41:11', '233116161842835456', '2018-11-16 19:20:29', '0', '3', '0', '243', NULL, 'profession_eat_drink', NULL, '245350517894246400', '喝的文化', '245351617959522304', '245350517894246400', '10000', '10000', '233116161842835456');
INSERT INTO `unionplat_v1`.`s9_Category` (`aid`, `id`, `uuid`, `createdBy`, `createdDate`, `lastModifiedBy`, `lastModifiedDate`, `deleted`, `version`, `disable`, `orderSeq`, `ad`, `code`, `countNum`, `extendId`, `name`, `parentId`, `positionId`, `mainId`, `subId`, `userId`) VALUES ('112', '252264212494774272', 'cVbOalHgTGgw3pztZxY', '233116161842835456', '2018-11-16 18:41:18', '233116161842835456', '2018-11-16 19:22:54', '0', '2', '0', '251', NULL, 'profession_kill_multi', NULL, '245350517894246400', '连招KO', '245351962211217408', '245350517894246400', '10000', '10000', '233116161842835456');
INSERT INTO `unionplat_v1`.`s9_Category` (`aid`, `id`, `uuid`, `createdBy`, `createdDate`, `lastModifiedBy`, `lastModifiedDate`, `deleted`, `version`, `disable`, `orderSeq`, `ad`, `code`, `countNum`, `extendId`, `name`, `parentId`, `positionId`, `mainId`, `subId`, `userId`) VALUES ('113', '252264223878115328', 'jKU0gMLMQ0qlMFRxMqT', '233116161842835456', '2018-11-16 18:41:21', '233116161842835456', '2018-11-16 19:23:28', '0', '2', '0', '252', NULL, 'profession_kill_one', NULL, '245350517894246400', '一技必杀', '245351962211217408', '245350517894246400', '10000', '10000', '233116161842835456');
INSERT INTO `unionplat_v1`.`s9_Category` (`aid`, `id`, `uuid`, `createdBy`, `createdDate`, `lastModifiedBy`, `lastModifiedDate`, `deleted`, `version`, `disable`, `orderSeq`, `ad`, `code`, `countNum`, `extendId`, `name`, `parentId`, `positionId`, `mainId`, `subId`, `userId`) VALUES ('114', '252264236070957056', 'Ne6sViJWVzMvJ9MHMVA', '233116161842835456', '2018-11-16 18:41:24', '233116161842835456', '2018-11-16 19:23:47', '0', '2', '0', '253', NULL, 'profession_kill_unique', NULL, '245350517894246400', '大绝招', '245351962211217408', '245350517894246400', '10000', '10000', '233116161842835456');
INSERT INTO `unionplat_v1`.`s9_Category` (`aid`, `id`, `uuid`, `createdBy`, `createdDate`, `lastModifiedBy`, `lastModifiedDate`, `deleted`, `version`, `disable`, `orderSeq`, `ad`, `code`, `countNum`, `extendId`, `name`, `parentId`, `positionId`, `mainId`, `subId`, `userId`) VALUES ('115', '252276164617007104', 'KrBf7bGYeBMY3Q94Vaw', '233116161842835456', '2018-11-16 19:28:48', '233116161842835456', '2018-11-16 19:29:04', '0', '2', '0', '260', NULL, 'profession_recommend', NULL, '245350517894246400', '推荐技', '999999', '245350517894246400', '10000', '10000', '233116161842835456');
INSERT INTO `unionplat_v1`.`s9_Category` (`aid`, `id`, `uuid`, `createdBy`, `createdDate`, `lastModifiedBy`, `lastModifiedDate`, `deleted`, `version`, `disable`, `orderSeq`, `ad`, `code`, `countNum`, `extendId`, `name`, `parentId`, `positionId`, `mainId`, `subId`, `userId`) VALUES ('116', '252477407683637248', 'HWfi8UX64nAsedSXBYB', '233116161842835456', '2018-11-17 08:48:28', '233116161842835456', '2018-11-17 08:48:50', '0', '2', '0', '270', NULL, 'profession_today', NULL, '245350517894246400', '今日神技', '999999', '245350517894246400', '10000', '10000', '233116161842835456');

